epoch,phase,e_rmse_mol,e_rmse_atom,f_rmse,e_mae,f_mae
0,train,98.731911,7.068402,0.94343,86.023445,0.484394
0,valid,53.644054,4.325978,0.986926,49.694866,0.595893
1,train,27.264168,2.037315,0.949924,16.915148,0.504191
1,valid,2.095486,0.172695,0.684629,1.480593,0.377253
2,train,2.058471,0.154816,0.753016,1.44186,0.338387
2,valid,1.487123,0.122333,0.629452,1.113429,0.335885
3,train,2.279995,0.161659,0.728729,1.56961,0.313343
3,valid,2.626394,0.213256,0.604581,2.323134,0.323208
4,train,1.923039,0.144544,0.714132,1.382579,0.300158
4,valid,1.48108,0.12163,0.585418,1.113361,0.308999
5,train,1.43557,0.104952,0.703535,0.864329,0.289163
5,valid,1.236384,0.101378,0.567655,0.934874,0.297101
6,train,1.312878,0.097497,0.693902,0.79553,0.281072
6,valid,0.967419,0.079754,0.556306,0.685333,0.292997
7,train,1.218335,0.09081,0.68888,0.696461,0.275843
7,valid,0.975026,0.080316,0.551126,0.732564,0.288158
8,train,1.199237,0.088587,0.687023,0.669944,0.273166
8,valid,0.950472,0.078367,0.550893,0.674389,0.2881
9,train,1.532194,0.111786,0.683566,1.017091,0.272606
9,valid,1.050339,0.085947,0.53089,0.8705,0.281032
10,train,2.041972,0.139606,0.676196,1.351717,0.266829
10,valid,1.131884,0.092933,0.516317,0.827771,0.271382
11,train,1.360371,0.099407,0.668114,0.877252,0.258661
11,valid,0.923126,0.075537,0.509989,0.649461,0.267197
12,train,1.625052,0.114774,0.6642,1.045061,0.256052
12,valid,1.80292,0.146633,0.496628,1.63439,0.261433
13,train,1.63021,0.120411,0.656168,1.157894,0.245862
13,valid,1.306001,0.106629,0.48565,1.14596,0.25198
14,train,1.406733,0.101009,0.653975,0.94319,0.245636
14,valid,1.088915,0.088672,0.479673,0.854446,0.248078
15,train,1.761747,0.118456,0.646499,1.224342,0.235504
15,valid,1.627503,0.132176,0.472757,1.513175,0.240126
16,train,1.607314,0.114859,0.643588,1.170819,0.232849
16,valid,0.743279,0.061152,0.466076,0.564372,0.238146
17,train,1.884762,0.118023,0.643169,1.068845,0.235739
17,valid,1.149605,0.094319,0.464505,0.975295,0.23968
18,train,1.345062,0.089841,0.638945,0.790113,0.235801
18,valid,0.682764,0.056212,0.446456,0.485406,0.233006
19,train,1.697513,0.123495,0.63277,1.11493,0.230575
19,valid,0.740659,0.060952,0.453528,0.601294,0.24608
20,train,1.362567,0.103678,0.641927,0.9712,0.244895
20,valid,0.61372,0.050541,0.43612,0.428044,0.224351
21,train,1.061483,0.077588,0.623473,0.679552,0.22092
21,valid,0.937697,0.07621,0.426735,0.843423,0.222824
22,train,1.031141,0.076952,0.616274,0.726094,0.214095
22,valid,1.056874,0.085825,0.422056,0.974119,0.216906
23,train,1.034508,0.076208,0.613609,0.725689,0.212011
23,valid,1.987769,0.160931,0.418381,1.889218,0.216023
24,train,2.087378,0.132614,0.614253,1.40792,0.216793
24,valid,0.752525,0.06155,0.412964,0.562456,0.217234
25,train,1.236261,0.087972,0.610189,0.803949,0.212358
25,valid,0.828453,0.06767,0.404992,0.62578,0.211891
26,train,1.067567,0.073582,0.605006,0.688022,0.207372
26,valid,0.831022,0.067822,0.401152,0.705631,0.209757
27,train,0.976919,0.07172,0.601997,0.661292,0.205175
27,valid,0.642191,0.052638,0.398782,0.467382,0.207865
28,train,0.951138,0.070791,0.599241,0.654413,0.203999
28,valid,0.651332,0.053169,0.39614,0.508543,0.207487
29,train,0.951564,0.069836,0.595651,0.648019,0.202463
29,valid,0.676183,0.055306,0.392019,0.549754,0.206214
30,train,1.179339,0.083999,0.597142,0.80005,0.209073
30,valid,0.504037,0.041469,0.39857,0.346623,0.211732
31,train,0.99551,0.072986,0.593609,0.677296,0.206851
31,valid,0.723732,0.058984,0.386048,0.610815,0.205717
32,train,0.899008,0.068944,0.59299,0.603713,0.211607
32,valid,0.831623,0.06798,0.397988,0.753166,0.218973
33,train,0.869807,0.065829,0.584774,0.581969,0.199856
33,valid,0.536742,0.044063,0.374094,0.365749,0.199971
34,train,0.826051,0.061009,0.575012,0.555973,0.192759
34,valid,0.544399,0.044724,0.371691,0.393722,0.199171
35,train,0.81067,0.060231,0.569557,0.546537,0.191757
35,valid,0.603842,0.04937,0.370005,0.48017,0.199772
36,train,0.84391,0.058401,0.563516,0.525663,0.191386
36,valid,0.585268,0.047951,0.364582,0.472299,0.196838
37,train,0.75393,0.056464,0.557104,0.506147,0.189478
37,valid,0.589154,0.048212,0.361737,0.462977,0.195763
38,train,0.7034,0.053258,0.552541,0.435931,0.189743
38,valid,0.468401,0.038483,0.356831,0.37599,0.194331
39,train,0.718659,0.055254,0.546071,0.477954,0.189234
39,valid,0.517506,0.042378,0.35624,0.417628,0.197152
40,train,0.866411,0.066431,0.544142,0.589079,0.191945
40,valid,0.630708,0.05165,0.354822,0.525953,0.194476
41,train,0.811486,0.061631,0.536034,0.533788,0.18967
41,valid,1.16784,0.094742,0.350492,1.091615,0.193972
42,train,1.061545,0.075055,0.535296,0.73995,0.186987
42,valid,1.015603,0.081972,0.35345,0.934087,0.19446
43,train,1.06335,0.075519,0.526029,0.790429,0.181254
43,valid,1.164398,0.094488,0.348494,1.08907,0.190949
44,train,0.953245,0.071958,0.519678,0.749258,0.18031
44,valid,1.081219,0.087381,0.347728,0.999568,0.190516
45,train,0.857288,0.064633,0.507812,0.631661,0.183053
45,valid,0.449017,0.036737,0.349618,0.309895,0.19293
46,train,0.708042,0.054721,0.506836,0.482657,0.18365
46,valid,0.548392,0.045016,0.347859,0.402096,0.196659
47,train,0.727825,0.056251,0.500375,0.476942,0.18092
47,valid,0.667007,0.054148,0.342902,0.600698,0.191845
48,train,0.702666,0.051177,0.494969,0.447274,0.180531
48,valid,0.483981,0.039549,0.344938,0.418676,0.197483
49,train,0.616826,0.048164,0.477297,0.401456,0.178293
49,valid,0.398692,0.032841,0.338877,0.310661,0.188625
50,train,0.63143,0.047151,0.473793,0.393338,0.174976
50,valid,0.505056,0.041059,0.334899,0.402823,0.189443
51,train,0.577022,0.044331,0.474112,0.336879,0.175416
51,valid,0.447297,0.036536,0.333262,0.349022,0.187647
52,train,0.601428,0.045361,0.470357,0.360526,0.17405
52,valid,0.496347,0.04077,0.33113,0.441925,0.187705
53,train,0.598301,0.043633,0.468526,0.340573,0.173414
53,valid,0.426384,0.034972,0.327202,0.320392,0.185346
54,train,0.546823,0.040804,0.462871,0.298048,0.173076
54,valid,0.403761,0.033083,0.326296,0.286908,0.185345
55,train,0.522338,0.040924,0.461875,0.295913,0.170907
55,valid,0.45528,0.03739,0.323769,0.334097,0.184413
56,train,0.547985,0.042452,0.45933,0.315879,0.170807
56,valid,0.395232,0.032449,0.321432,0.295769,0.185683
57,train,0.57927,0.041761,0.458295,0.309778,0.169965
57,valid,0.442543,0.036414,0.319587,0.381882,0.183703
58,train,0.521923,0.041077,0.456799,0.308794,0.169692
58,valid,0.314071,0.025914,0.317815,0.210534,0.184421
59,train,0.522902,0.039599,0.454813,0.280338,0.16834
59,valid,0.405363,0.033147,0.315279,0.301794,0.183816
60,train,0.535534,0.03984,0.45392,0.293138,0.168187
60,valid,0.355162,0.029223,0.315114,0.244569,0.182811
61,train,0.502477,0.038085,0.453816,0.259725,0.167716
61,valid,0.324425,0.026723,0.314696,0.216471,0.182446
62,train,0.485495,0.037978,0.453043,0.256181,0.167162
62,valid,0.356622,0.029333,0.313902,0.284081,0.182503
63,train,0.508887,0.038075,0.452287,0.254028,0.166736
63,valid,0.317932,0.026213,0.313803,0.210536,0.182259
64,train,0.476694,0.037606,0.451903,0.245123,0.166293
64,valid,0.328929,0.027057,0.31328,0.225405,0.182066
65,train,0.489964,0.037496,0.451465,0.244324,0.166061
65,valid,0.313082,0.02583,0.312295,0.208009,0.18146
66,train,0.473548,0.036885,0.451417,0.239288,0.165828
66,valid,0.317124,0.026162,0.311328,0.208171,0.181422
67,train,0.477139,0.036905,0.450888,0.23519,0.16553
67,valid,0.321944,0.026564,0.310803,0.210694,0.181252
68,train,0.472549,0.036796,0.450541,0.231178,0.165409
68,valid,0.327907,0.027008,0.310586,0.218028,0.181141
69,train,0.478372,0.036696,0.450398,0.230799,0.165266
69,valid,0.314541,0.025952,0.310731,0.206189,0.181233
70,train,0.477626,0.036637,0.450299,0.22909,0.165187
70,valid,0.313755,0.025882,0.310704,0.20503,0.181201
71,train,0.473119,0.036527,0.450231,0.22706,0.165149
71,valid,0.314719,0.025962,0.310655,0.206671,0.181218
72,train,0.473105,0.036522,0.4502,0.226214,0.165125
72,valid,0.314704,0.025955,0.310651,0.206728,0.181194
73,train,0.785551,0.056631,0.454821,0.502968,0.172373
73,valid,0.357566,0.029397,0.310443,0.284143,0.181538
74,train,0.640667,0.05019,0.449846,0.450703,0.165476
74,valid,1.832905,0.148395,0.308559,1.755813,0.180009
75,train,1.309738,0.098838,0.449572,1.098322,0.165158
75,valid,0.47012,0.03858,0.30816,0.406135,0.179396
76,train,1.373824,0.097185,0.449215,1.092777,0.163999
76,valid,1.505443,0.121516,0.306316,1.449798,0.180254
77,train,1.375728,0.096965,0.448357,1.080243,0.163586
77,valid,0.701519,0.056978,0.306949,0.62976,0.179668
78,train,1.271512,0.094401,0.447881,1.054675,0.16302
78,valid,1.440709,0.116766,0.307851,1.378502,0.179093
79,train,1.293852,0.09445,0.448485,1.06316,0.162794
79,valid,0.537162,0.043848,0.306898,0.485754,0.179295
80,train,1.321602,0.095314,0.448178,1.052331,0.163365
80,valid,1.4242,0.11533,0.30345,1.368363,0.179262
81,train,1.328873,0.093704,0.447955,1.041769,0.163201
81,valid,0.576876,0.047084,0.305321,0.500871,0.179615
82,train,1.276217,0.092971,0.446606,1.035191,0.162532
82,valid,2.019215,0.163551,0.305971,1.913718,0.177904
83,train,1.270907,0.084464,0.448403,0.807207,0.166389
83,valid,0.618682,0.050352,0.305,0.553863,0.179129
84,train,0.921696,0.06348,0.446078,0.670637,0.162088
84,valid,0.473157,0.03885,0.302608,0.317857,0.179253
85,train,0.901347,0.064639,0.445088,0.673939,0.161801
85,valid,0.594345,0.048321,0.30067,0.522184,0.179319
86,train,0.864186,0.063557,0.44409,0.663565,0.161357
86,valid,0.62932,0.051159,0.298603,0.552458,0.17702
87,train,0.906083,0.063536,0.444142,0.663131,0.161753
87,valid,0.54622,0.044272,0.29786,0.479319,0.178428
88,train,0.84795,0.06293,0.442873,0.657172,0.161258
88,valid,0.657999,0.05355,0.295137,0.579201,0.177247
89,train,0.941467,0.064848,0.442595,0.684595,0.160761
89,valid,0.474927,0.038873,0.293597,0.359572,0.177019
90,train,0.909089,0.063583,0.442254,0.673625,0.160249
90,valid,0.538143,0.043966,0.292374,0.424293,0.177053
91,train,0.905133,0.063483,0.441017,0.67001,0.159528
91,valid,0.517494,0.041982,0.291544,0.447631,0.176081
92,train,0.818112,0.062893,0.440002,0.661579,0.159024
92,valid,0.53559,0.043503,0.28921,0.453218,0.175773
93,train,0.928158,0.064123,0.439089,0.673193,0.158969
93,valid,0.578427,0.047036,0.287018,0.505019,0.175063
94,train,0.880888,0.062004,0.439044,0.65657,0.158068
94,valid,0.63737,0.0519,0.286508,0.566654,0.175247
95,train,0.894018,0.062973,0.438015,0.663613,0.158179
95,valid,0.554411,0.045238,0.283712,0.47767,0.175478
96,train,0.860231,0.062596,0.436801,0.65593,0.157865
96,valid,0.496735,0.040581,0.287203,0.423122,0.177176
97,train,0.873924,0.061962,0.437165,0.650575,0.15727
97,valid,0.808339,0.065247,0.283354,0.744623,0.176051
98,train,0.884367,0.063372,0.435908,0.666561,0.156685
98,valid,0.863638,0.069997,0.279335,0.803752,0.173353
99,train,0.886323,0.06297,0.435148,0.655221,0.156503
99,valid,0.85043,0.068957,0.277825,0.790615,0.173528
100,train,0.840736,0.061579,0.433892,0.653513,0.155896
100,valid,0.788661,0.063955,0.276026,0.721999,0.172603
101,train,0.853535,0.061793,0.433313,0.655425,0.155415
101,valid,1.011891,0.082118,0.275475,0.954054,0.173671
102,train,0.836384,0.062774,0.434543,0.654389,0.15537
102,valid,0.79162,0.063884,0.27266,0.720708,0.172787
103,train,0.866098,0.063411,0.432624,0.660914,0.154172
103,valid,2.032573,0.164167,0.270693,1.980872,0.173444
104,train,1.300312,0.09401,0.442463,0.901158,0.172813
104,valid,1.54568,0.124755,0.293643,1.480475,0.183848
105,train,1.001338,0.070005,0.456061,0.688062,0.172254
105,valid,0.501727,0.041007,0.278155,0.459678,0.172999
106,train,0.793012,0.061115,0.434695,0.61837,0.161171
106,valid,0.545528,0.044098,0.286606,0.441293,0.188255
107,train,1.060832,0.083129,0.438026,0.779186,0.167406
107,valid,1.305292,0.105531,0.28948,1.200933,0.191141
108,train,1.120775,0.078703,0.445585,0.75758,0.170868
108,valid,0.829989,0.068356,0.278079,0.602152,0.17865
109,train,1.223198,0.088045,0.432884,0.954381,0.156181
109,valid,1.222403,0.099281,0.273989,1.172528,0.169651
110,train,1.208766,0.084478,0.426683,0.943124,0.150646
110,valid,0.592829,0.048636,0.264175,0.54588,0.167307
111,train,1.179988,0.083185,0.425347,0.926026,0.149423
111,valid,1.40621,0.113727,0.261874,1.332558,0.167746
112,train,1.170592,0.084886,0.423794,0.940961,0.148851
112,valid,0.527145,0.042936,0.260598,0.447947,0.166217
113,train,1.167398,0.084031,0.42321,0.937036,0.148276
113,valid,1.35883,0.110343,0.260785,1.309272,0.165635
114,train,1.182495,0.084595,0.422928,0.94752,0.147932
114,valid,0.607063,0.049457,0.25866,0.562556,0.165865
115,train,1.208843,0.084765,0.421657,0.926057,0.147917
115,valid,1.162913,0.094165,0.254914,1.114709,0.165357
116,train,1.189025,0.084009,0.422288,0.926804,0.147749
116,valid,0.445412,0.036012,0.255375,0.36845,0.165968
117,train,1.197909,0.083118,0.421551,0.924625,0.147411
117,valid,1.043903,0.08492,0.255062,0.983716,0.164884
118,train,1.126539,0.082496,0.420486,0.918388,0.147439
118,valid,0.57327,0.046932,0.25143,0.533283,0.164559
119,train,1.198955,0.083026,0.420432,0.909993,0.148013
119,valid,0.703278,0.057101,0.250611,0.610414,0.164499
120,train,1.025823,0.077435,0.419512,0.856541,0.146186
120,valid,1.134981,0.091826,0.251952,1.082015,0.164802
121,train,1.145264,0.077464,0.419993,0.860503,0.146215
121,valid,0.477586,0.038665,0.251834,0.396497,0.163425
122,train,1.067639,0.076283,0.418553,0.844052,0.144932
122,valid,1.210125,0.098253,0.250868,1.164417,0.162965
123,train,1.046084,0.077224,0.417634,0.854774,0.145141
123,valid,0.631904,0.05148,0.248631,0.58501,0.16292
124,train,1.057072,0.077054,0.420564,0.845483,0.145273
124,valid,1.240485,0.099875,0.253366,1.181801,0.170018
125,train,1.11034,0.077965,0.423326,0.853532,0.149154
125,valid,0.364123,0.029483,0.245088,0.280922,0.16248
126,train,1.137942,0.077093,0.413378,0.849236,0.143831
126,valid,1.086481,0.088051,0.243138,1.038798,0.160686
127,train,1.097561,0.077618,0.412352,0.847788,0.143328
127,valid,0.499157,0.041051,0.255097,0.441447,0.173089
128,train,1.048055,0.076131,0.417687,0.835391,0.150469
128,valid,0.920457,0.07485,0.258114,0.822195,0.167735
129,train,1.137281,0.084651,0.442673,0.801911,0.171904
129,valid,1.005907,0.081346,0.288978,0.941599,0.197119
130,train,1.097523,0.078629,0.438357,0.772974,0.178944
130,valid,0.749805,0.061108,0.255841,0.703191,0.164349
131,train,0.696373,0.051701,0.407556,0.527356,0.145733
131,valid,0.688396,0.055989,0.242623,0.637656,0.161528
132,train,0.685997,0.050953,0.403394,0.531916,0.142541
132,valid,1.041121,0.084283,0.246397,0.989111,0.165186
133,train,1.049474,0.072455,0.42422,0.748059,0.164285
133,valid,0.315903,0.025928,0.257346,0.234524,0.172953
134,train,0.981723,0.060826,0.45149,0.579196,0.174376
134,valid,0.929621,0.075506,0.269089,0.862077,0.181651
135,train,0.95006,0.073492,0.406479,0.725393,0.155248
135,valid,0.98189,0.080328,0.254475,0.893713,0.170507
136,train,1.072768,0.078215,0.405998,0.773403,0.151078
136,valid,0.690502,0.056117,0.235123,0.601552,0.161243
137,train,0.676039,0.048474,0.387578,0.485482,0.14542
137,valid,0.584026,0.047579,0.233515,0.525587,0.160323
138,train,0.670149,0.048382,0.382273,0.506243,0.138686
138,valid,0.41634,0.033986,0.231238,0.339539,0.158313
139,train,0.634957,0.047952,0.380406,0.496958,0.138232
139,valid,0.436216,0.03544,0.227921,0.363919,0.156606
140,train,0.644805,0.047423,0.374768,0.501409,0.136808
140,valid,0.476955,0.038878,0.227351,0.393845,0.156051
141,train,0.665576,0.048101,0.37417,0.501537,0.136733
141,valid,0.447597,0.036216,0.227791,0.360893,0.155971
142,train,0.714551,0.048297,0.372873,0.509594,0.136167
142,valid,0.337981,0.027683,0.227391,0.293477,0.155593
143,train,0.62695,0.047352,0.371752,0.499058,0.134915
143,valid,0.462564,0.03779,0.226326,0.429312,0.154825
144,train,0.656803,0.047481,0.369182,0.493089,0.134743
144,valid,0.442338,0.03631,0.225392,0.398122,0.154349
145,train,0.686255,0.047771,0.36814,0.506184,0.134105
145,valid,0.484529,0.039519,0.22619,0.454279,0.155552
146,train,0.655441,0.047481,0.361042,0.50264,0.135737
146,valid,0.405383,0.032769,0.223629,0.360231,0.154089
147,train,0.643514,0.047595,0.355712,0.498635,0.133602
147,valid,0.470447,0.038556,0.224426,0.432714,0.154306
148,train,0.641087,0.048034,0.356057,0.505014,0.132949
148,valid,0.482457,0.039437,0.222742,0.452496,0.15439
149,train,0.677747,0.04784,0.35798,0.507925,0.133433
149,valid,0.271254,0.022326,0.223546,0.183833,0.153838
150,train,0.787616,0.055142,0.355976,0.565511,0.13795
150,valid,0.365367,0.029783,0.222453,0.33077,0.15329
151,train,0.634855,0.046148,0.345401,0.486351,0.132376
151,valid,0.352799,0.02887,0.222774,0.305761,0.153235
152,train,0.626103,0.04641,0.337062,0.48782,0.132196
152,valid,0.474927,0.038899,0.263836,0.407475,0.189016
153,train,0.956643,0.065864,0.358709,0.711889,0.160736
153,valid,0.933907,0.075937,0.226633,0.89622,0.155221
154,train,0.985072,0.067416,0.33552,0.755987,0.134493
154,valid,0.41925,0.034158,0.224132,0.384526,0.153237
155,train,0.961823,0.067098,0.329393,0.747311,0.131243
155,valid,0.956988,0.077457,0.221574,0.912947,0.152399
156,train,0.977888,0.066069,0.328078,0.748007,0.130155
156,valid,0.337407,0.027577,0.221129,0.228706,0.151903
157,train,1.015168,0.079146,0.337513,0.775898,0.144967
157,valid,0.633547,0.051302,0.247709,0.567498,0.177259
158,train,0.700022,0.053078,0.335839,0.456194,0.149062
158,valid,0.576196,0.047413,0.280488,0.448217,0.194791
159,train,0.871299,0.06717,0.323104,0.67815,0.145307
159,valid,0.414671,0.033585,0.221679,0.311167,0.152152
160,train,0.651504,0.043189,0.298823,0.466398,0.129379
160,valid,0.433835,0.035243,0.220134,0.369636,0.151422
161,train,0.723622,0.053996,0.284024,0.505267,0.139427
161,valid,0.409403,0.033608,0.235816,0.281901,0.168859
162,train,1.096344,0.082884,0.290756,0.89526,0.138096
162,valid,1.43197,0.116241,0.216767,1.400777,0.1487
163,train,0.984536,0.071855,0.275605,0.750596,0.13389
163,valid,0.473255,0.039027,0.251436,0.391776,0.177017
164,train,0.600987,0.046106,0.274574,0.473432,0.138093
164,valid,0.519089,0.042306,0.218247,0.481113,0.150583
165,train,0.553073,0.042652,0.265047,0.454172,0.129116
165,valid,0.574183,0.046686,0.224591,0.526748,0.155394
166,train,0.59901,0.043582,0.289202,0.451225,0.146333
166,valid,0.451541,0.036772,0.218312,0.417944,0.149376
167,train,0.580336,0.043199,0.252198,0.459099,0.127069
167,valid,0.709327,0.057656,0.217356,0.678379,0.148638
168,train,0.607548,0.043264,0.242,0.453875,0.126465
168,valid,0.589026,0.047778,0.243228,0.546701,0.166519
169,train,0.586345,0.041162,0.241735,0.448254,0.126542
169,valid,1.214509,0.098549,0.216771,1.1835,0.149442
170,train,0.702228,0.054387,0.237708,0.512363,0.131517
170,valid,0.311043,0.025564,0.219699,0.266251,0.152418
171,train,1.290239,0.081759,0.227603,0.898431,0.132908
171,valid,0.747492,0.060634,0.216223,0.701987,0.148432
172,train,1.328451,0.089943,0.190059,1.02834,0.129055
172,valid,0.244765,0.020049,0.219626,0.176164,0.151055
173,train,0.962887,0.069105,0.212766,0.692944,0.145171
173,valid,0.780483,0.063493,0.236596,0.721397,0.156754
174,train,0.668684,0.049884,0.202767,0.466582,0.138498
174,valid,0.759669,0.0615,0.226745,0.719905,0.155655
175,train,0.48588,0.034717,0.224418,0.337178,0.135628
175,valid,0.290111,0.023766,0.214255,0.254633,0.148496
176,train,0.800598,0.052664,0.197959,0.512106,0.130846
176,valid,0.831407,0.067687,0.221144,0.67553,0.155577
177,train,0.769232,0.055685,0.194287,0.56875,0.126819
177,valid,0.883391,0.071319,0.224588,0.830995,0.154931
178,train,0.735904,0.050688,0.18474,0.52361,0.12732
178,valid,0.530044,0.043251,0.216798,0.494679,0.148004
179,train,0.584353,0.043798,0.204019,0.438511,0.132351
179,valid,0.599926,0.0486,0.230609,0.554464,0.160248
180,train,0.79012,0.056543,0.213476,0.609408,0.126629
180,valid,0.30352,0.024598,0.217456,0.237277,0.149197
181,train,0.662639,0.044305,0.195325,0.430097,0.133336
181,valid,0.506961,0.041302,0.246484,0.446604,0.177508
182,train,0.80309,0.056626,0.183073,0.643942,0.123047
182,valid,0.929065,0.075012,0.212055,0.89377,0.145394
183,train,0.791149,0.055982,0.173104,0.642956,0.117348
183,valid,0.535051,0.043738,0.212829,0.507658,0.145284
184,train,0.789326,0.05551,0.173583,0.63685,0.117443
184,valid,0.75918,0.061631,0.211921,0.727509,0.144625
185,train,0.822148,0.055195,0.173477,0.635573,0.116014
185,valid,0.57228,0.046294,0.211493,0.518183,0.144293
186,train,0.755366,0.056474,0.167933,0.622084,0.116762
186,valid,0.859651,0.069958,0.237267,0.804878,0.167207
187,train,0.550083,0.040001,0.182587,0.422671,0.126396
187,valid,0.317933,0.026112,0.212895,0.278688,0.145038
188,train,0.534908,0.03639,0.165388,0.404826,0.115398
188,valid,0.66264,0.05387,0.213972,0.635957,0.144958
189,train,0.514036,0.036724,0.183153,0.409798,0.116298
189,valid,0.487215,0.039793,0.215683,0.461004,0.144742
190,train,0.501378,0.035972,0.164742,0.401393,0.114605
190,valid,0.665296,0.053909,0.215155,0.634249,0.145327
191,train,0.549324,0.037142,0.174907,0.412368,0.115326
191,valid,0.387921,0.031754,0.216828,0.356577,0.145269
192,train,0.668869,0.04593,0.194261,0.467557,0.12811
192,valid,0.751753,0.060548,0.242126,0.699737,0.17148
193,train,0.723538,0.053772,0.188548,0.574579,0.127079
193,valid,0.718653,0.058063,0.222191,0.681709,0.148435
194,train,0.678301,0.051091,0.190673,0.516257,0.132088
194,valid,0.29849,0.024611,0.221292,0.2166,0.152079
195,train,0.777407,0.054385,0.225593,0.524196,0.127471
195,valid,0.538061,0.044362,0.21939,0.431984,0.151392
196,train,0.786305,0.055593,0.190995,0.55328,0.125604
196,valid,0.463975,0.038153,0.217051,0.388765,0.149355
197,train,0.850888,0.064897,0.199073,0.658547,0.134959
197,valid,1.030605,0.083748,0.21618,0.994007,0.149614
198,train,0.745821,0.052366,0.198939,0.543927,0.13519
198,valid,0.475322,0.038799,0.222582,0.410355,0.15336
199,train,0.479371,0.036336,0.169102,0.385581,0.118531
199,valid,0.471481,0.038345,0.212892,0.417072,0.143939
200,train,0.666321,0.048258,0.170816,0.489828,0.116173
200,valid,0.533142,0.043648,0.228475,0.466235,0.159013
201,train,0.499365,0.037707,0.169936,0.400451,0.117824
201,valid,0.384048,0.031033,0.210336,0.328587,0.142387
202,train,0.500155,0.034173,0.169272,0.340962,0.118193
202,valid,0.219266,0.018061,0.211772,0.173763,0.145287
203,train,0.585006,0.041516,0.174529,0.419716,0.122337
203,valid,0.65455,0.052586,0.220763,0.595426,0.153853
204,train,0.710702,0.052092,0.166632,0.5836,0.117097
204,valid,0.735684,0.059736,0.212182,0.707267,0.144704
205,train,0.829398,0.052706,0.15677,0.60382,0.110518
205,valid,0.201634,0.016624,0.211235,0.151323,0.144124
206,train,0.605444,0.04446,0.173482,0.4682,0.123896
206,valid,0.286988,0.023586,0.209875,0.243005,0.142729
207,train,0.542477,0.040172,0.199957,0.410212,0.123288
207,valid,0.565305,0.045729,0.216969,0.535092,0.149086
208,train,0.445725,0.033555,0.176651,0.369949,0.112226
208,valid,0.611133,0.04984,0.205806,0.583617,0.139711
209,train,0.541974,0.036834,0.185583,0.376704,0.126307
209,valid,0.337095,0.027524,0.212342,0.280779,0.146248
210,train,0.541193,0.038772,0.214561,0.380283,0.125335
210,valid,0.315834,0.025949,0.209946,0.232441,0.144228
211,train,0.523096,0.037007,0.163956,0.390985,0.113058
211,valid,0.585671,0.047333,0.225047,0.542238,0.14486
212,train,0.490767,0.035471,0.21229,0.342716,0.121433
212,valid,0.281452,0.02303,0.21113,0.207133,0.144429
213,train,0.666144,0.045355,0.171589,0.453577,0.120768
213,valid,0.242058,0.019951,0.213761,0.169822,0.148037
214,train,0.768954,0.05195,0.262148,0.582094,0.114869
214,valid,0.587638,0.047713,0.206773,0.560303,0.139569
215,train,0.727009,0.050066,0.209937,0.569301,0.11073
215,valid,0.290649,0.023705,0.203929,0.258772,0.137563
216,train,0.709912,0.045518,0.172194,0.492017,0.110386
216,valid,1.181744,0.095555,0.207986,1.154413,0.140911
217,train,0.889159,0.058703,0.17519,0.610788,0.116507
217,valid,0.402101,0.033108,0.212692,0.260952,0.14594
218,train,0.663879,0.044584,0.177502,0.490197,0.120451
218,valid,0.930371,0.07519,0.21131,0.899452,0.1412
219,train,0.504072,0.036667,0.209832,0.377826,0.121124
219,valid,0.346543,0.027861,0.206212,0.289232,0.139202
220,train,0.45401,0.030947,0.189954,0.331182,0.109288
220,valid,0.603473,0.049687,0.271653,0.418531,0.168436
221,train,0.533427,0.039675,0.21138,0.389012,0.125752
221,valid,0.348426,0.028568,0.233403,0.30354,0.148109
222,train,0.462946,0.033733,0.181818,0.356035,0.124701
222,valid,0.273009,0.022285,0.216807,0.198807,0.14235
223,train,0.605514,0.037245,0.177309,0.374142,0.119314
223,valid,0.248785,0.020475,0.219761,0.204306,0.14937
224,train,0.594572,0.046069,0.204003,0.461679,0.130059
224,valid,0.25587,0.020633,0.209933,0.185858,0.14498
225,train,0.690391,0.047625,0.157799,0.539254,0.108109
225,valid,0.698193,0.056731,0.203625,0.671719,0.137905
226,train,0.721703,0.046331,0.151919,0.531379,0.105459
226,valid,0.268008,0.021923,0.203225,0.234506,0.137794
227,train,0.660034,0.047172,0.148913,0.533909,0.105116
227,valid,0.804327,0.064878,0.203883,0.772509,0.138308
228,train,0.670809,0.047436,0.14826,0.542625,0.104373
228,valid,0.204608,0.016782,0.203449,0.141682,0.138531
229,train,0.637664,0.046527,0.149588,0.527873,0.105087
229,valid,0.792853,0.064261,0.20359,0.760387,0.136984
230,train,0.649426,0.046882,0.147812,0.533749,0.104397
230,valid,0.279413,0.022957,0.202913,0.242792,0.136763
231,train,0.61907,0.044972,0.159736,0.484285,0.106347
231,valid,0.688241,0.055803,0.205271,0.654819,0.139462
232,train,0.706967,0.047964,0.155668,0.538401,0.108103
232,valid,0.453184,0.036766,0.202649,0.408833,0.137758
233,train,0.600564,0.039047,0.163816,0.401129,0.1148
233,valid,0.252969,0.020581,0.206496,0.196679,0.141108
234,train,0.343507,0.02522,0.166436,0.253457,0.119396
234,valid,0.241811,0.019792,0.206133,0.17391,0.142787
235,train,0.300017,0.021162,0.161915,0.213034,0.108388
235,valid,0.317485,0.02563,0.226645,0.238363,0.160403
236,train,0.703059,0.048401,0.200085,0.487958,0.117285
236,valid,0.279554,0.02294,0.205931,0.245652,0.14176
237,train,0.436862,0.032039,0.1703,0.317661,0.120665
237,valid,0.367754,0.02981,0.208452,0.335487,0.142043
238,train,0.475976,0.034297,0.189989,0.364258,0.108943
238,valid,0.461909,0.037468,0.213695,0.413828,0.146808
239,train,0.618414,0.045308,0.161873,0.503829,0.106063
239,valid,0.607091,0.049486,0.203969,0.582797,0.137656
240,train,0.637412,0.044133,0.144376,0.507591,0.101677
240,valid,0.236672,0.019418,0.201388,0.205925,0.135265
241,train,0.656211,0.044535,0.146221,0.509702,0.101561
241,valid,0.6554,0.053063,0.20136,0.626167,0.13584
242,train,0.609518,0.044089,0.142934,0.504912,0.101335
242,valid,0.344133,0.027921,0.200992,0.295506,0.135115
243,train,0.643593,0.043438,0.141533,0.498889,0.100437
243,valid,0.730791,0.059335,0.200403,0.707532,0.134243
244,train,0.603225,0.044705,0.144894,0.503822,0.102906
244,valid,0.238404,0.019648,0.206107,0.16357,0.140298
245,train,0.598603,0.044266,0.145163,0.503108,0.102777
245,valid,0.62978,0.050936,0.201142,0.593949,0.135322
246,train,0.583994,0.043652,0.143727,0.498973,0.100387
246,valid,0.256356,0.020957,0.201535,0.202171,0.135119
247,train,0.598808,0.042221,0.14683,0.461062,0.104354
247,valid,0.30199,0.024468,0.205119,0.270487,0.139703
248,train,0.456355,0.029818,0.156734,0.327358,0.106561
248,valid,0.391645,0.032079,0.201727,0.35889,0.1361
249,train,0.438233,0.029122,0.143503,0.322001,0.101959
249,valid,0.394746,0.032242,0.20128,0.37266,0.13593
250,train,0.421544,0.030253,0.149718,0.331345,0.10176
250,valid,0.274714,0.022571,0.203711,0.243215,0.136945
251,train,0.394811,0.028605,0.143176,0.318763,0.10074
251,valid,0.356141,0.029096,0.200977,0.331836,0.13505
252,train,0.425185,0.029887,0.152793,0.321488,0.106621
252,valid,0.265514,0.021373,0.208525,0.207262,0.142042
253,train,0.43645,0.031806,0.17346,0.320407,0.116074
253,valid,0.429117,0.03496,0.207986,0.391506,0.14319
254,train,0.423056,0.030696,0.153627,0.325627,0.104415
254,valid,0.397841,0.032377,0.201131,0.373963,0.135108
255,train,0.399796,0.029578,0.152194,0.318992,0.101806
255,valid,0.359553,0.029306,0.198707,0.331506,0.13361
256,train,0.36874,0.02836,0.150315,0.30546,0.100545
256,valid,0.428543,0.035077,0.198227,0.399158,0.134373
257,train,0.527689,0.037202,0.184931,0.383989,0.110797
257,valid,0.541135,0.044533,0.265641,0.396034,0.193775
258,train,0.457325,0.035117,0.176452,0.337179,0.121466
258,valid,0.177475,0.014582,0.202892,0.126171,0.139312
259,train,0.374412,0.028317,0.147445,0.307022,0.104616
259,valid,0.24407,0.019881,0.200424,0.182531,0.135411
260,train,0.48665,0.032322,0.161437,0.313655,0.112835
260,valid,0.368084,0.030087,0.211354,0.288225,0.147404
261,train,0.435163,0.032607,0.156109,0.324123,0.111869
261,valid,0.490698,0.040183,0.209503,0.346075,0.143145
262,train,0.425665,0.029269,0.148258,0.308148,0.10075
262,valid,0.30725,0.024975,0.199011,0.245293,0.134894
263,train,0.384176,0.028029,0.144393,0.303279,0.103603
263,valid,0.233086,0.019193,0.198809,0.189874,0.134987
264,train,0.315499,0.022844,0.15041,0.231475,0.107395
264,valid,0.212535,0.017468,0.204757,0.182681,0.139243
265,train,0.413202,0.02742,0.147166,0.288508,0.100233
265,valid,0.294572,0.023893,0.19989,0.218753,0.13513
266,train,0.443281,0.03316,0.155032,0.339746,0.10142
266,valid,0.298365,0.024463,0.199656,0.272676,0.134852
267,train,0.614644,0.039365,0.13762,0.447996,0.096865
267,valid,0.583296,0.047385,0.19705,0.559143,0.132306
268,train,0.531669,0.039429,0.135153,0.451054,0.095909
268,valid,0.444759,0.035845,0.197152,0.408311,0.13267
269,train,0.542482,0.038642,0.135183,0.438439,0.096728
269,valid,0.527586,0.042658,0.196954,0.495135,0.132785
270,train,0.487139,0.035207,0.135756,0.389466,0.097062
270,valid,0.328905,0.026847,0.204185,0.308848,0.135705
271,train,0.492591,0.036908,0.21202,0.406882,0.104313
271,valid,0.263227,0.021531,0.197166,0.235468,0.132678
272,train,0.591221,0.039583,0.136222,0.447706,0.09635
272,valid,0.607018,0.048943,0.196957,0.574056,0.132596
273,train,0.585305,0.039497,0.132629,0.449427,0.094921
273,valid,0.234733,0.019183,0.196161,0.177657,0.132112
274,train,0.55045,0.038542,0.132974,0.437789,0.095173
274,valid,0.623378,0.050677,0.195865,0.591855,0.132053
275,train,0.365623,0.026935,0.142799,0.285208,0.103434
275,valid,0.789666,0.063974,0.197223,0.750683,0.133394
276,train,0.666377,0.045112,0.153316,0.470152,0.108623
276,valid,0.583895,0.047371,0.196757,0.549683,0.132622
277,train,0.522416,0.0368,0.136246,0.405548,0.0977
277,valid,0.369496,0.030232,0.19649,0.343843,0.131929
278,train,0.536845,0.038006,0.140988,0.430824,0.095676
278,valid,0.417612,0.033764,0.197491,0.379278,0.132525
279,train,0.559804,0.03796,0.132574,0.430181,0.094729
279,valid,0.547498,0.044469,0.195436,0.517443,0.131237
280,train,0.545044,0.037539,0.13925,0.423181,0.09564
280,valid,0.296043,0.023935,0.205357,0.259525,0.141685
281,train,0.359776,0.027103,0.150562,0.287071,0.099452
281,valid,0.225614,0.018563,0.202356,0.193302,0.136281
282,train,0.506315,0.038577,0.142278,0.386088,0.098217
282,valid,0.313951,0.025577,0.205843,0.254324,0.138498
283,train,0.359956,0.027956,0.196866,0.267927,0.110665
283,valid,0.257133,0.020712,0.204566,0.201192,0.141223
284,train,0.41918,0.031029,0.18565,0.30381,0.117133
284,valid,0.253226,0.020723,0.199768,0.190711,0.137595
285,train,0.365004,0.024991,0.159251,0.266389,0.102692
285,valid,0.298841,0.024181,0.196829,0.249711,0.133044
286,train,0.299777,0.023231,0.151542,0.22696,0.098827
286,valid,0.256787,0.020953,0.196512,0.206858,0.132434
287,train,0.545959,0.037205,0.157284,0.366418,0.100714
287,valid,0.325088,0.026279,0.195105,0.267215,0.132937
288,train,0.464187,0.034655,0.146493,0.372245,0.101466
288,valid,0.346941,0.028027,0.19558,0.299876,0.132242
289,train,0.504683,0.035689,0.131654,0.406281,0.093551
289,valid,0.585442,0.047289,0.192467,0.555122,0.130369
290,train,0.505185,0.035779,0.130177,0.405761,0.092747
290,valid,0.365262,0.029877,0.193345,0.339739,0.130772
291,train,0.490919,0.035425,0.129881,0.404854,0.09254
291,valid,0.440581,0.035832,0.193111,0.412891,0.130233
292,train,0.45745,0.033696,0.13506,0.366899,0.096843
292,valid,0.745892,0.060567,0.198634,0.71459,0.136068
293,train,0.323949,0.024539,0.171091,0.236308,0.111565
293,valid,0.30338,0.02487,0.209003,0.23558,0.143142
294,train,0.466999,0.030926,0.174914,0.296832,0.103654
294,valid,0.629395,0.050579,0.206771,0.582728,0.138526
295,train,0.370041,0.027673,0.167686,0.273275,0.102383
295,valid,0.199075,0.016355,0.20879,0.145406,0.143844
296,train,0.491679,0.036922,0.165236,0.373841,0.101895
296,valid,0.295611,0.024096,0.19754,0.244461,0.132859
297,train,0.471262,0.035515,0.149754,0.363446,0.099119
297,valid,0.376087,0.03073,0.197181,0.317487,0.133772
298,train,0.479511,0.036773,0.134163,0.372431,0.096915
298,valid,0.401522,0.033005,0.203483,0.291268,0.13852
299,train,0.384094,0.029826,0.141854,0.298546,0.096602
299,valid,0.427147,0.034387,0.19345,0.390513,0.130722
300,train,0.356246,0.023729,0.129042,0.256269,0.09236
300,valid,0.343406,0.027673,0.192571,0.304775,0.129171
301,train,0.328324,0.022457,0.126676,0.245799,0.090756
301,valid,0.31664,0.025699,0.196024,0.275725,0.130936
302,train,0.332081,0.022656,0.138626,0.243449,0.092517
302,valid,0.213881,0.017528,0.20086,0.188264,0.136728
303,train,0.314307,0.022976,0.12827,0.248601,0.091633
303,valid,0.17229,0.014164,0.192647,0.13866,0.129195
304,train,0.371567,0.027369,0.139219,0.276361,0.10111
304,valid,0.28346,0.022865,0.195922,0.233981,0.132665
305,train,0.565876,0.037129,0.144535,0.375208,0.098083
305,valid,0.452924,0.036382,0.199853,0.375039,0.136828
306,train,0.518993,0.034243,0.131979,0.379664,0.09489
306,valid,0.466592,0.03762,0.193049,0.432658,0.130029
307,train,0.436297,0.032599,0.126632,0.365041,0.091189
307,valid,0.252388,0.020696,0.193277,0.225214,0.130743
308,train,0.491058,0.034034,0.131537,0.361215,0.094992
308,valid,0.238948,0.019609,0.194886,0.210502,0.131492
309,train,0.316563,0.022402,0.126645,0.242276,0.090884
309,valid,0.331904,0.02707,0.192944,0.311672,0.129335
310,train,0.291215,0.021859,0.13005,0.233397,0.090939
310,valid,0.315234,0.025761,0.191659,0.29218,0.128784
311,train,0.313206,0.021552,0.124117,0.235047,0.089458
311,valid,0.320495,0.026175,0.192433,0.297386,0.128987
312,train,0.300808,0.021231,0.12353,0.230014,0.088728
312,valid,0.343469,0.028061,0.191936,0.319882,0.128695
313,train,0.283516,0.021386,0.123793,0.233475,0.088776
313,valid,0.41966,0.034104,0.191766,0.396122,0.128872
314,train,0.380477,0.027049,0.132906,0.279839,0.093887
314,valid,0.196626,0.01621,0.194707,0.158362,0.130568
315,train,0.349316,0.023798,0.145135,0.237401,0.099614
315,valid,0.186978,0.015401,0.198365,0.15536,0.131788
316,train,0.309836,0.023444,0.181607,0.221502,0.102532
316,valid,0.204927,0.016662,0.199815,0.151599,0.135051
317,train,0.38751,0.027619,0.134739,0.269748,0.09595
317,valid,0.229321,0.018833,0.196047,0.156486,0.135122
318,train,0.401341,0.028599,0.165794,0.269,0.093756
318,valid,0.209169,0.017009,0.196413,0.164451,0.132584
319,train,0.406022,0.030097,0.133327,0.325483,0.094978
319,valid,0.39013,0.03135,0.191088,0.352529,0.128417
320,train,0.355893,0.027142,0.136675,0.276332,0.097336
320,valid,0.212475,0.017186,0.191354,0.158891,0.129332
321,train,0.314222,0.022798,0.133723,0.242315,0.089968
321,valid,0.276114,0.02266,0.191815,0.245228,0.128893
322,train,0.297609,0.021542,0.143198,0.218215,0.097302
322,valid,0.229725,0.018805,0.197292,0.170873,0.132879
323,train,0.28652,0.021756,0.137063,0.213386,0.095072
323,valid,0.460184,0.037314,0.192553,0.420589,0.129865
324,train,0.356991,0.026158,0.132858,0.262828,0.093039
324,valid,0.182068,0.014676,0.191837,0.132636,0.129985
325,train,0.377944,0.026892,0.15429,0.269515,0.098311
325,valid,0.191863,0.015719,0.192992,0.159266,0.129457
326,train,0.404892,0.027923,0.138741,0.294756,0.092698
326,valid,0.187499,0.015361,0.189643,0.134847,0.129415
327,train,0.400894,0.028083,0.130909,0.313229,0.088322
327,valid,0.483618,0.039255,0.189625,0.459862,0.128087
328,train,0.356112,0.024138,0.129635,0.24982,0.093405
328,valid,0.403689,0.032619,0.191714,0.361671,0.130956
329,train,0.463632,0.02971,0.131093,0.307342,0.090026
329,valid,0.328134,0.026239,0.191254,0.284282,0.130291
330,train,0.400293,0.027627,0.12655,0.310938,0.087674
330,valid,0.46395,0.037551,0.189329,0.433803,0.127578
331,train,0.375872,0.027952,0.120583,0.313804,0.08619
331,valid,0.271845,0.021895,0.190145,0.228754,0.127806
332,train,0.381251,0.026884,0.119135,0.303617,0.08577
332,valid,0.437924,0.035711,0.18947,0.417335,0.12714
333,train,0.311434,0.024114,0.122989,0.241772,0.088499
333,valid,0.314121,0.025651,0.190651,0.284166,0.128565
334,train,0.344759,0.025293,0.135104,0.25731,0.092236
334,valid,0.394357,0.032456,0.194754,0.302575,0.132553
335,train,0.439159,0.031879,0.125893,0.320871,0.091338
335,valid,0.254205,0.020201,0.192662,0.201379,0.130938
336,train,0.383595,0.027724,0.131664,0.278434,0.09535
336,valid,0.403408,0.03283,0.190257,0.379419,0.128143
337,train,0.283025,0.021555,0.128341,0.210751,0.091409
337,valid,0.187931,0.015324,0.190706,0.14565,0.128777
338,train,0.281721,0.021039,0.12742,0.200936,0.08885
338,valid,0.280243,0.023025,0.191706,0.215633,0.129099
339,train,0.301859,0.021842,0.128758,0.214338,0.092795
339,valid,0.166725,0.013733,0.192214,0.123715,0.130174
340,train,0.314124,0.024334,0.126862,0.239669,0.09258
340,valid,0.183136,0.015075,0.190017,0.153956,0.128426
341,train,0.343811,0.023636,0.133621,0.231534,0.090028
341,valid,0.231597,0.018745,0.192749,0.185847,0.131123
342,train,0.28779,0.02107,0.137812,0.213559,0.093598
342,valid,0.270669,0.021891,0.191211,0.230253,0.129542
343,train,0.353572,0.026341,0.127722,0.28864,0.086974
343,valid,0.296604,0.024148,0.191219,0.272432,0.128275
344,train,0.33758,0.024475,0.128489,0.25178,0.092255
344,valid,0.505975,0.040826,0.190285,0.473433,0.127942
345,train,0.246304,0.018625,0.123729,0.189907,0.089763
345,valid,0.219648,0.017789,0.18909,0.177007,0.128196
346,train,0.355199,0.027489,0.137565,0.286068,0.090373
346,valid,0.169972,0.013781,0.191312,0.12159,0.128643
347,train,0.315595,0.023052,0.124121,0.234378,0.089958
347,valid,0.156202,0.012825,0.192809,0.120465,0.129882
348,train,0.283185,0.021506,0.127663,0.218021,0.088905
348,valid,0.205578,0.016952,0.189957,0.168962,0.127579
349,train,0.302379,0.021249,0.122176,0.21084,0.087496
349,valid,0.19575,0.016031,0.191374,0.139342,0.129923
350,train,0.240107,0.018238,0.122756,0.181109,0.087843
350,valid,0.353214,0.02877,0.191016,0.323093,0.127857
351,train,0.323239,0.022597,0.121392,0.234052,0.08653
351,valid,0.205529,0.016765,0.19191,0.151835,0.129668
352,train,0.249112,0.019138,0.124517,0.18771,0.090813
352,valid,0.311754,0.025384,0.191177,0.285508,0.130891
353,train,0.390618,0.029115,0.119886,0.302277,0.087027
353,valid,0.271713,0.022108,0.193042,0.243716,0.131488
354,train,0.247885,0.018087,0.117575,0.187748,0.085367
354,valid,0.257612,0.021058,0.189574,0.232493,0.127984
355,train,0.262472,0.01932,0.121205,0.199634,0.087235
355,valid,0.244356,0.019734,0.191582,0.201156,0.127985
356,train,0.304763,0.02234,0.124429,0.240107,0.084916
356,valid,0.367528,0.029997,0.188885,0.342764,0.127475
357,train,0.262851,0.01906,0.123319,0.18712,0.089391
357,valid,0.311622,0.025683,0.19873,0.264696,0.138377
358,train,0.337106,0.025894,0.123851,0.261602,0.089988
358,valid,0.415113,0.03353,0.188504,0.383635,0.128001
359,train,0.395708,0.028605,0.119846,0.298137,0.085863
359,valid,0.186245,0.015297,0.190597,0.131255,0.128955
360,train,0.302395,0.021234,0.12063,0.212037,0.086532
360,valid,0.230002,0.018597,0.187489,0.188463,0.126726
361,train,0.267113,0.020167,0.130201,0.207704,0.086291
361,valid,0.199674,0.016089,0.190227,0.156292,0.12893
362,train,0.231163,0.016536,0.116165,0.172522,0.083531
362,valid,0.272546,0.021971,0.188197,0.233531,0.126716
363,train,0.256223,0.01802,0.12401,0.185399,0.086929
363,valid,0.227434,0.018434,0.196152,0.184606,0.13277
364,train,0.269167,0.020972,0.131349,0.198118,0.089086
364,valid,0.200614,0.016516,0.189988,0.144241,0.127712
365,train,0.260175,0.018979,0.120028,0.18705,0.08765
365,valid,0.238909,0.019543,0.189371,0.213742,0.128026
366,train,0.231614,0.016596,0.115359,0.171804,0.083226
366,valid,0.160152,0.013055,0.189476,0.109285,0.128483
367,train,0.3003,0.021827,0.117815,0.217884,0.084601
367,valid,0.311796,0.025428,0.18991,0.2852,0.129281
368,train,0.235638,0.017765,0.121346,0.176238,0.088594
368,valid,0.201968,0.016552,0.190098,0.168106,0.129662
369,train,0.450817,0.031112,0.126824,0.34646,0.083066
369,valid,0.205249,0.016808,0.187019,0.174258,0.126091
370,train,0.278708,0.021393,0.121096,0.218169,0.084026
370,valid,0.248273,0.020412,0.188079,0.217257,0.126987
371,train,0.241861,0.01863,0.125211,0.180387,0.084673
371,valid,0.149046,0.01216,0.190832,0.107857,0.129836
372,train,0.318635,0.020006,0.122749,0.200678,0.085389
372,valid,0.247397,0.020163,0.192112,0.202671,0.130674
373,train,0.286284,0.020712,0.119472,0.209575,0.086392
373,valid,0.305032,0.025154,0.187736,0.244306,0.12688
374,train,0.291217,0.021876,0.122859,0.217949,0.08445
374,valid,0.4607,0.03699,0.19041,0.424847,0.130253
375,train,0.269949,0.018718,0.120016,0.184701,0.085056
375,valid,0.27213,0.022398,0.188823,0.177189,0.128102
376,train,0.249625,0.017505,0.113775,0.17807,0.082732
376,valid,0.201617,0.016257,0.187507,0.159864,0.126023
377,train,0.239232,0.016667,0.115699,0.167529,0.082939
377,valid,0.412916,0.0334,0.189578,0.383493,0.12774
378,train,0.41568,0.029733,0.117554,0.33321,0.084712
378,valid,0.433799,0.034959,0.189614,0.405085,0.127071
379,train,0.432986,0.0292,0.113381,0.328136,0.081351
379,valid,0.51932,0.041767,0.187627,0.490143,0.12595
380,train,0.429208,0.029057,0.114711,0.329032,0.080538
380,valid,0.169276,0.013868,0.187581,0.117189,0.126454
381,train,0.282796,0.020816,0.117187,0.215737,0.083885
381,valid,0.178889,0.014625,0.187379,0.151358,0.126248
382,train,0.272694,0.020796,0.116353,0.219927,0.08162
382,valid,0.391546,0.031893,0.18941,0.369296,0.128571
383,train,0.302289,0.021235,0.116381,0.209941,0.085495
383,valid,0.293186,0.023682,0.186628,0.252991,0.126198
384,train,0.320173,0.022752,0.118197,0.231599,0.086376
384,valid,0.473953,0.038457,0.193581,0.439727,0.13357
385,train,0.381494,0.02805,0.11841,0.313812,0.082343
385,valid,0.474144,0.038305,0.186686,0.443595,0.125836
386,train,0.379598,0.0279,0.112431,0.312997,0.08025
386,valid,0.401225,0.03232,0.186214,0.368864,0.125385
387,train,0.249315,0.018095,0.119732,0.178769,0.087505
387,valid,0.177894,0.014643,0.190318,0.143084,0.12686
388,train,0.235929,0.017618,0.123085,0.173953,0.083855
388,valid,0.172753,0.013981,0.190022,0.128542,0.127904
389,train,0.31262,0.023543,0.117214,0.246492,0.082507
389,valid,0.160254,0.013203,0.198249,0.118328,0.130753
390,train,0.191174,0.014201,0.120858,0.140036,0.084386
390,valid,0.199266,0.016376,0.187383,0.165735,0.126513
391,train,0.21932,0.016789,0.117658,0.163129,0.083785
391,valid,0.201425,0.016313,0.187581,0.157597,0.1261
392,train,0.198867,0.014829,0.114118,0.145727,0.082031
392,valid,0.206485,0.016687,0.189096,0.158637,0.126493
393,train,0.251562,0.017435,0.115977,0.170182,0.083339
393,valid,0.219522,0.017823,0.188137,0.172164,0.126405
394,train,0.210954,0.015695,0.114002,0.155313,0.083423
394,valid,0.239616,0.019335,0.186698,0.196195,0.125178
395,train,0.196953,0.013866,0.111076,0.140034,0.079465
395,valid,0.218876,0.018001,0.186167,0.185926,0.124522
396,train,0.211564,0.016058,0.1155,0.157101,0.081434
396,valid,0.206837,0.016928,0.187626,0.181991,0.126226
397,train,0.231678,0.017383,0.118022,0.168431,0.081009
397,valid,0.165338,0.013406,0.185417,0.122862,0.12473
398,train,0.179367,0.013683,0.110852,0.133897,0.080764
398,valid,0.16068,0.013146,0.189526,0.115679,0.127211
399,train,0.258229,0.019001,0.111998,0.18865,0.080849
399,valid,0.27484,0.022516,0.186482,0.249722,0.125107
400,train,0.278463,0.021211,0.122261,0.216498,0.081152
400,valid,0.39406,0.031691,0.188372,0.359984,0.127198
401,train,0.272864,0.020544,0.112765,0.201488,0.080925
401,valid,0.280888,0.022982,0.189892,0.233011,0.12807
402,train,0.232418,0.01597,0.114527,0.156982,0.081499
402,valid,0.300237,0.024515,0.187852,0.276486,0.125842
403,train,0.243805,0.018382,0.110484,0.179863,0.080586
403,valid,0.149374,0.012227,0.187664,0.115394,0.126263
404,train,0.205949,0.013878,0.117283,0.134013,0.081918
404,valid,0.18124,0.014838,0.186715,0.154171,0.125949
405,train,0.236225,0.016895,0.113203,0.175168,0.079085
405,valid,0.185891,0.015069,0.186242,0.144913,0.124858
406,train,0.268866,0.017611,0.109482,0.187395,0.078943
406,valid,0.194382,0.01567,0.18566,0.155115,0.124643
407,train,0.233743,0.016044,0.112823,0.166707,0.079778
407,valid,0.214505,0.01764,0.187051,0.181044,0.126783
408,train,0.195285,0.014885,0.111491,0.146532,0.081543
408,valid,0.155229,0.012777,0.186626,0.121245,0.125931
409,train,0.187686,0.014118,0.109405,0.140485,0.079475
409,valid,0.157071,0.012921,0.186231,0.118614,0.124958
410,train,0.245129,0.019055,0.111121,0.179896,0.079689
410,valid,0.282018,0.023155,0.187164,0.253562,0.125533
411,train,0.192799,0.013642,0.109205,0.132638,0.078525
411,valid,0.166113,0.013633,0.18641,0.12852,0.125266
412,train,0.254774,0.017939,0.113264,0.182414,0.079007
412,valid,0.173621,0.014246,0.185935,0.144928,0.1252
413,train,0.223078,0.015135,0.111069,0.148455,0.080067
413,valid,0.149521,0.012158,0.188321,0.106808,0.126065
414,train,0.203983,0.014945,0.112679,0.147239,0.078645
414,valid,0.150831,0.012346,0.185876,0.104943,0.124682
415,train,0.180137,0.01386,0.110443,0.132696,0.079363
415,valid,0.283978,0.022685,0.186987,0.243089,0.126639
416,train,0.258471,0.017731,0.110422,0.179796,0.080684
416,valid,0.256141,0.020577,0.187241,0.21636,0.12636
417,train,0.221641,0.016152,0.10894,0.165788,0.079501
417,valid,0.218716,0.01766,0.185585,0.178772,0.124855
418,train,0.21185,0.015292,0.10709,0.158229,0.077495
418,valid,0.183165,0.015101,0.18749,0.140203,0.125675
419,train,0.186863,0.01353,0.109483,0.131455,0.079275
419,valid,0.218611,0.017555,0.185849,0.172983,0.124704
420,train,0.192286,0.01295,0.107692,0.126071,0.078135
420,valid,0.216536,0.017731,0.186672,0.159215,0.125432
421,train,0.23561,0.015301,0.110035,0.152227,0.080299
421,valid,0.146575,0.011903,0.186491,0.102724,0.125389
422,train,0.200641,0.014366,0.107882,0.143139,0.078659
422,valid,0.158457,0.013041,0.185765,0.124404,0.124546
423,train,0.212626,0.01531,0.108047,0.162079,0.076914
423,valid,0.235102,0.01897,0.185631,0.196037,0.124053
424,train,0.204567,0.014969,0.105305,0.155657,0.076359
424,valid,0.165328,0.013568,0.186116,0.135898,0.12439
425,train,0.179757,0.013254,0.10808,0.12568,0.078986
425,valid,0.164984,0.013508,0.187413,0.136832,0.126401
426,train,0.182147,0.013774,0.10812,0.135853,0.078125
426,valid,0.205991,0.016588,0.186533,0.166095,0.125457
427,train,0.190775,0.014252,0.107583,0.142245,0.078388
427,valid,0.159484,0.012976,0.184878,0.113815,0.124213
428,train,0.198867,0.015421,0.110222,0.152298,0.079041
428,valid,0.337107,0.027232,0.186977,0.301262,0.125613
429,train,0.181194,0.013854,0.110276,0.134392,0.077842
429,valid,0.140801,0.011507,0.185412,0.096462,0.124458
430,train,0.181848,0.012673,0.106953,0.122317,0.078013
430,valid,0.218659,0.017939,0.186509,0.19322,0.125083
431,train,0.196845,0.014446,0.11012,0.145291,0.078265
431,valid,0.149881,0.012262,0.186883,0.10405,0.125518
432,train,0.206511,0.014934,0.107346,0.14727,0.078248
432,valid,0.188832,0.015485,0.185302,0.160821,0.12452
433,train,0.188631,0.013842,0.108469,0.139891,0.076734
433,valid,0.236489,0.019402,0.186566,0.208104,0.125422
434,train,0.191814,0.014314,0.110953,0.14449,0.077821
434,valid,0.148219,0.012103,0.185974,0.103832,0.124315
435,train,0.184403,0.013732,0.105799,0.137507,0.076593
435,valid,0.204459,0.016794,0.185471,0.17919,0.124218
436,train,0.199214,0.01467,0.105791,0.149294,0.076597
436,valid,0.158577,0.012812,0.18596,0.114902,0.124779
437,train,0.18007,0.013297,0.106335,0.134303,0.076457
437,valid,0.255391,0.020835,0.185154,0.231382,0.124034
438,train,0.191725,0.014019,0.106309,0.138614,0.077026
438,valid,0.17079,0.013841,0.185097,0.127307,0.124139
439,train,0.154729,0.011802,0.106684,0.111876,0.077423
439,valid,0.148038,0.012036,0.186692,0.11148,0.126732
440,train,0.163768,0.012341,0.107663,0.119083,0.077689
440,valid,0.206014,0.016614,0.186005,0.16538,0.125138
441,train,0.167315,0.012479,0.105499,0.120048,0.076842
441,valid,0.266211,0.021407,0.185228,0.230187,0.124618
442,train,0.192195,0.013362,0.104821,0.126628,0.075845
442,valid,0.137485,0.01124,0.185831,0.096429,0.124378
443,train,0.172758,0.012896,0.105849,0.124376,0.076682
443,valid,0.19305,0.015807,0.185457,0.16746,0.124983
444,train,0.193152,0.013018,0.10562,0.128713,0.076997
444,valid,0.216431,0.017435,0.186448,0.17356,0.124883
445,train,0.201416,0.014745,0.104758,0.148906,0.076223
445,valid,0.164757,0.013419,0.184484,0.123665,0.123413
446,train,0.163171,0.01168,0.104819,0.110517,0.076407
446,valid,0.133859,0.010941,0.185301,0.094174,0.124301
447,train,0.146991,0.011497,0.104044,0.108644,0.075601
447,valid,0.224528,0.018183,0.185261,0.181903,0.123909
448,train,0.164076,0.011901,0.104772,0.115064,0.075782
448,valid,0.212025,0.017402,0.183715,0.183146,0.12323
449,train,0.168308,0.013063,0.103505,0.130136,0.07541
449,valid,0.159318,0.012893,0.184931,0.116083,0.124811
450,train,0.150187,0.011348,0.103691,0.107905,0.075595
450,valid,0.180145,0.01461,0.18523,0.137322,0.124269
451,train,0.166247,0.012615,0.104623,0.123704,0.075283
451,valid,0.15081,0.012406,0.185542,0.11464,0.123842
452,train,0.172288,0.012523,0.1038,0.121364,0.075492
452,valid,0.143911,0.011818,0.184706,0.103666,0.123749
453,train,0.172377,0.013319,0.10459,0.129543,0.076339
453,valid,0.169221,0.013656,0.184828,0.126924,0.124331
454,train,0.174238,0.012811,0.104001,0.124077,0.075326
454,valid,0.14655,0.011909,0.185143,0.10474,0.12391
455,train,0.155014,0.011608,0.10491,0.110869,0.075509
455,valid,0.151893,0.012341,0.184984,0.109618,0.124234
456,train,0.171956,0.012423,0.103869,0.120342,0.075484
456,valid,0.141465,0.011594,0.184167,0.102181,0.123457
457,train,0.161959,0.012218,0.103625,0.119091,0.074623
457,valid,0.172834,0.013956,0.185207,0.131308,0.123818
458,train,0.159411,0.012087,0.103105,0.11723,0.074847
458,valid,0.164048,0.013501,0.184607,0.135225,0.123901
459,train,0.150461,0.011376,0.102834,0.107565,0.074782
459,valid,0.205932,0.016586,0.184112,0.164234,0.123619
460,train,0.172371,0.012931,0.105511,0.126677,0.074847
460,valid,0.22555,0.018561,0.183423,0.190743,0.123384
461,train,0.188673,0.013874,0.102122,0.136363,0.074341
461,valid,0.140809,0.011524,0.183486,0.101128,0.123069
462,train,0.169085,0.012899,0.102563,0.128257,0.074602
462,valid,0.13159,0.010748,0.184634,0.093148,0.123946
463,train,0.144023,0.011199,0.103167,0.10532,0.075432
463,valid,0.162207,0.013168,0.183963,0.118734,0.123213
464,train,0.147074,0.011065,0.101991,0.103148,0.074309
464,valid,0.138153,0.011335,0.183604,0.097174,0.123263
465,train,0.154142,0.01121,0.102919,0.106871,0.075086
465,valid,0.138543,0.011364,0.183805,0.09823,0.123085
466,train,0.146001,0.011,0.10307,0.099971,0.074776
466,valid,0.198797,0.016002,0.184987,0.160931,0.123745
467,train,0.173605,0.01304,0.101922,0.128413,0.074075
467,valid,0.195501,0.015816,0.18471,0.154907,0.123995
468,train,0.170654,0.012979,0.103022,0.1267,0.074082
468,valid,0.13242,0.010819,0.18398,0.093117,0.123224
469,train,0.154509,0.011889,0.102128,0.115377,0.074123
469,valid,0.141248,0.011507,0.184655,0.100376,0.12309
470,train,0.147725,0.011263,0.101988,0.105966,0.073973
470,valid,0.146169,0.011987,0.184818,0.10461,0.12343
471,train,0.202016,0.0132,0.101601,0.13131,0.07395
471,valid,0.132341,0.010792,0.184962,0.093642,0.123654
472,train,0.15177,0.010943,0.10322,0.104172,0.074496
472,valid,0.131702,0.01073,0.18428,0.091836,0.123159
473,train,0.137172,0.010521,0.101927,0.098127,0.073909
473,valid,0.131962,0.010772,0.183728,0.090265,0.123064
474,train,0.159596,0.011833,0.101256,0.115487,0.073661
474,valid,0.144586,0.011892,0.183305,0.105633,0.122677
475,train,0.140603,0.010932,0.101177,0.102474,0.073663
475,valid,0.136755,0.011187,0.184166,0.095718,0.124111
476,train,0.164269,0.011867,0.100993,0.113916,0.073501
476,valid,0.185512,0.014967,0.183773,0.14463,0.122955
477,train,0.144419,0.011128,0.101155,0.106163,0.073612
477,valid,0.149253,0.012082,0.18369,0.108229,0.123045
478,train,0.139964,0.010748,0.101084,0.10042,0.073558
478,valid,0.156036,0.012661,0.183912,0.113894,0.123295
479,train,0.15227,0.011261,0.100982,0.10714,0.073542
479,valid,0.16121,0.01313,0.184099,0.114774,0.123623
480,train,0.143801,0.011098,0.101122,0.105812,0.073703
480,valid,0.133824,0.010963,0.184341,0.098425,0.123495
481,train,0.148037,0.011182,0.100841,0.107379,0.073402
481,valid,0.139269,0.011414,0.183573,0.099804,0.122637
482,train,0.142983,0.010757,0.100975,0.100359,0.073213
482,valid,0.138823,0.011368,0.183198,0.097459,0.123032
483,train,0.14312,0.010732,0.100569,0.101229,0.073249
483,valid,0.207877,0.0171,0.184412,0.175106,0.123481
484,train,0.152826,0.011307,0.100553,0.107237,0.072998
484,valid,0.170119,0.014016,0.183413,0.138816,0.122952
485,train,0.148709,0.011398,0.100242,0.109236,0.072888
485,valid,0.138991,0.011252,0.184343,0.095396,0.123141
486,train,0.148546,0.011142,0.10013,0.107336,0.072807
486,valid,0.151222,0.012308,0.183872,0.105887,0.123262
487,train,0.157243,0.011759,0.100124,0.111573,0.072912
487,valid,0.170099,0.0138,0.183141,0.126544,0.1229
488,train,0.145861,0.010869,0.100367,0.102025,0.072813
488,valid,0.162717,0.013357,0.183843,0.129916,0.123363
489,train,0.144767,0.011236,0.099955,0.10814,0.07273
489,valid,0.146814,0.011869,0.18376,0.107424,0.12332
490,train,0.144118,0.011133,0.100296,0.105846,0.072852
490,valid,0.135053,0.011018,0.184093,0.094699,0.123243
491,train,0.141544,0.010279,0.100036,0.095566,0.072837
491,valid,0.173959,0.014115,0.183742,0.130999,0.123533
492,train,0.133193,0.010292,0.099837,0.095372,0.072699
492,valid,0.166411,0.013469,0.183254,0.123822,0.122678
493,train,0.136084,0.010468,0.09956,0.097343,0.072392
493,valid,0.13873,0.011353,0.18318,0.098375,0.122932
494,train,0.142207,0.010332,0.09977,0.096486,0.072624
494,valid,0.137865,0.011326,0.183209,0.099987,0.122712
495,train,0.136361,0.010554,0.099832,0.097648,0.072393
495,valid,0.138067,0.011347,0.183649,0.101678,0.12298
496,train,0.13369,0.010445,0.09995,0.097028,0.072752
496,valid,0.138149,0.011261,0.184146,0.095828,0.122988
497,train,0.132139,0.010117,0.099966,0.093548,0.072503
497,valid,0.18032,0.014568,0.18349,0.138572,0.122891
498,train,0.144805,0.010466,0.099175,0.098265,0.07212
498,valid,0.142063,0.011559,0.183182,0.102275,0.122745
499,train,0.137476,0.010563,0.099329,0.100014,0.072249
499,valid,0.133889,0.010934,0.183446,0.096944,0.122843
